PubID,StreetAddress,Area,TradingName,NumberOfPatrons,Xcoordinate,Ycoordinate
1,104-112 Flinders Street,Melbourne (CBD),24 Moons,195,144.9711544,-37.81600001
2,42-44 Lonsdale Street,Melbourne (CBD),44 Bar,260,144.971034,-37.80912054
3,187 Flinders Lane,Melbourne (CBD),Adelphi Hotel,80,144.9683751,-37.81635789
4,20-30 Convention Centre Place,Southbank,Aerial Events,900,144.9523782,-37.82539976
5,171-173 Curzon Street,North Melbourne,Albion Hotel,150,144.9485505,-37.79889904
6,324-328 Little Lonsdale Street,Melbourne (CBD),Alchemist's Refuge,60,144.9599402,-37.81167474
7,54-60 Market Street,Melbourne (CBD),Alexi's On Market Restaurant ,370,144.9608283,-37.81778076
8,54-60 Market Street,Melbourne (CBD),Alexis Restaurant,370,144.9608283,-37.81778076
9,566-580 Flinders Street,Melbourne (CBD),All Nations Backpackers Bar,98,144.9553465,-37.82072034
10,566-580 Flinders Street,Melbourne (CBD),All Nations Bar,98,144.9553465,-37.82072034
11,457-471 Bourke Street,Melbourne (CBD),Alluva Restaurant Bar Lounge ,513,144.9601886,-37.81547268
12,163-169 Russell Street,Melbourne (CBD),Altitude,300,144.9676479,-37.81246709
13,338-352 Bourke Street,Melbourne (CBD),Alto Events,400,144.9632879,-37.81360425
14,143-175 Harbour Esplanade,Docklands,Alumbra,690,144.9435654,-37.8165193
15,143-175 Harbour Esplanade,Docklands,Alumbra At Central Pier,690,144.9435654,-37.8165193
16,414-422 Lygon Street,Carlton,Astor Hotel,120,144.9678126,-37.79694555
17,59-63 Bourke Street,Melbourne (CBD),Asuka Restaurant,150,144.9715659,-37.81212537
18,131-137 Lonsdale Street,Melbourne (CBD),Athens Business Club,30,144.96853,-37.81098009
19,7-9 South Wharf,Southbank,Atlantic South Wharf Function Centre,1300,144.9503336,-37.82409303
20,8 Whiteman Street,Southbank,Atrium Bar,100,144.9586604,-37.82312164
21,258-274 Collins Street,Melbourne (CBD),Australia On Collins Bar,11,144.9648999,-37.81536587
22,8 Whiteman Street,Southbank,Automatic Cafe,340,144.9586604,-37.82312164
23,107-109 Flinders Lane,Melbourne (CBD),Bambu Bar,230,144.9708344,-37.81560645
24,107-109 Flinders Lane,Melbourne (CBD),Bambu Cafe,170,144.9708344,-37.81560645
25,562-564 Queensberry Street,North Melbourne,Banter Wine Bar,50,144.9487134,-37.80271962
26,244-250 Queen Street,Melbourne (CBD),Bar 420,200,144.959964,-37.81269018
27,267 Little Collins Street,Melbourne (CBD),Bar Americano,10,144.9656034,-37.81483458
28,16-30 Russell Place,Melbourne (CBD),Bar Ampere,60,144.9674275,-37.81355434
29,160-162 Lygon Street,Carlton,Bar Centrale,500,144.9667699,-37.80344164
30,203-207 King Street,Melbourne (CBD),Bar Humbug,30,144.9549691,-37.81538904
31,717-731 Collins Street,Docklands,Bar Nicional,75,144.9500934,-37.82068699
32,315 Victoria Street,West Melbourne (Residential),Barber Bar ,50,144.9510475,-37.80556768
33,2-20 Drewery Place,Melbourne (CBD),Baroq House,303,144.9639703,-37.81130304
34,335-339 Flinders Lane,Melbourne (CBD),Bartronica,200,144.9632258,-37.81784765
35,407-409 Swanston Street,Melbourne (CBD),Basement 407,150,144.9631797,-37.80895593
36,93-95 Queen Street,Melbourne (CBD),Basemint Louge Bar,167,144.9609695,-37.81637876
37,100-116 Bourke Street,Melbourne (CBD),Bass Lounge,350,144.9697778,-37.81170307
38,607-623 Collins Street,Melbourne (CBD),Batman's Hill On Collins Hotel,1500,144.95469,-37.81929312
39,425-427 Docklands Drive,Docklands,BCM Bar & Balcony,350,144.9390269,-37.81517782
40,3 Southgate Avenue,Southbank,Bear Brass,200,144.9662623,-37.82066923
41,2 Swanston Street,Melbourne (CBD),Beer De Luxe,355,144.9699175,-37.81784465
42,3-7 Riverside Quay,Southbank,Belgian Beer Cafe Eureka,638,144.9645668,-37.82166549
43,3-7 Riverside Quay,Southbank,Belgian Beer Cafe Melbourne,638,144.9645668,-37.82166549
44,25 Bennetts Lane,Melbourne (CBD),Bennetts Lane Jazz Club,300,144.967558,-37.80889245
45,16-20 Corrs Lane,Melbourne (CBD),"Berlin Bar, Brutale & Mendoza's Social Club",569,144.9683854,-37.81112914
46,562-564 Flinders Street,Melbourne (CBD),Bertha Brown,270,144.9556291,-37.82056934
47,107-109 Flinders Lane,Melbourne (CBD),Bisq Bar & Grill,170,144.9708344,-37.81560645
48,107-109 Flinders Lane,Melbourne (CBD),Bisq Cafe,170,144.9708344,-37.81560645
49,107-109 Flinders Lane,Melbourne (CBD),Bisq Cafeteria,200,144.9708344,-37.81560645
50,191-205 Swanston Street,Melbourne (CBD),Black Opal,200,144.9649993,-37.81309229
51,111-129 Queen Street,Melbourne (CBD),Blue Diamond,200,144.9606367,-37.81581152
52,111-129 Queen Street,Melbourne (CBD),Blue Diamond Salon ,60,144.9606367,-37.81581152
53,50-58 MacKenzie Street,Melbourne (CBD),Blue Moon Bar,200,144.9660836,-37.80749583
54,1-9 Freshwater Place,Southbank,BLVD Bar,562,144.962154,-37.82167834
55,351-359 Queensberry Street,North Melbourne,Bobbie Peels,240,144.9559672,-37.80395618
56,209-211 Lonsdale Street,Melbourne (CBD),Boilermaker House,180,144.9662609,-37.8114331
57,103-105 Lonsdale Street,Melbourne (CBD),Bomba Tapas Bar and Rooftop,145,144.9692541,-37.81049305
58,16-26 Bond Street,Melbourne (CBD),Bond Lounge,500,144.9630575,-37.81814578
59,16-26 Bond Street,Melbourne (CBD),Bond Melbourne,500,144.9630575,-37.81814578
60,281-287 Swanston Street,Melbourne (CBD),Bornga,40,144.9643593,-37.81143223
61,161-173 Domain Road,South Yarra,Botanical Hotel,245,144.9816996,-37.83431735
62,62-66 Little Collins Street,Melbourne (CBD),Bridie O'Reillys,285,144.971442,-37.81280958
63,341-347 Flinders Lane,Melbourne (CBD),Bull And Bear Tavern,180,144.9630313,-37.81782313
64,407-409 Swanston Street,Melbourne (CBD),Bunker Lounge Bar,92,144.9631797,-37.80895593
65,293-299 La Trobe Street,Melbourne (CBD),Burger Theory / The Hills Rooftop / The Tuxedo Cat,200,144.9605086,-37.81081439
66,233-237 Lonsdale Street,Melbourne (CBD),Burrotecca,100,144.9655481,-37.81158031
67,69-73 Collins Street,Melbourne (CBD),Cabana Club,180,144.9713489,-37.8143446
68,146 Swanston Street,Melbourne (CBD),Cabinet Bar ,100,144.9662039,-37.81417648
69,429 Little Collins Street,Melbourne (CBD),Cafe De Tuscany,117,144.960452,-37.8162783
70,497-503 St Kilda Road,Melbourne (Remainder),Cafe Dom - The Granite Bar,500,144.9790762,-37.84331737
71,8 Whiteman Street,Southbank,Cafe Greco,508,144.9586604,-37.82312164
72,344 Swanston Street,Melbourne (CBD),Caffeine At Re Vault,150,144.9645504,-37.80818365
73,21-25 Hardware Lane,Melbourne (CBD),Campari House,326,144.9613142,-37.81409153
74,594-600 Swanston Street,Carlton,Canada Hotel,250,144.9639453,-37.80276989
75,114-120 Russell Street,Melbourne (CBD),Canary Club,150,144.9689753,-37.81350285
76,2-8 Queen Street,Melbourne (CBD),Candela Nuevo,300,144.9627098,-37.81858716
77,34-38 Franklin Street,Melbourne (CBD),Captain Melville ,355,144.9616126,-37.80752292
78,122-148 Harbour Esplanade,Docklands,Captains Bar ,80,144.9475776,-37.81656591
79,298 Lygon Street,Carlton,Carlton Yacht Club Bar,60,144.9673764,-37.79998572
80,22-26 Corrs Lane,Melbourne (CBD),Carpe Diem Bar & Lounge,50,144.9683249,-37.8109979
81,22-26 Corrs Lane,Melbourne (CBD),Cash Box Ktv,200,144.9683249,-37.8109979
82,174-192 Exhibition Street,Melbourne (CBD),CBD Cafe Bar,190,144.9706454,-37.81121462
83,240-248 Victoria Street,North Melbourne,Central Club Hotel,150,144.9581264,-37.80591439
84,103-105 Queen Street,Melbourne (CBD),Chaise Lounge,140,144.9608476,-37.81614776
85,428-432 Little Bourke Street,Melbourne (CBD),Chaplin Karaoke Bar,90,144.9597229,-37.81392392
86,67-73 Hardware Lane,Melbourne (CBD),Charlie's Bar,143,144.960908,-37.81323451
87,152-158 Bourke Street,Melbourne (CBD),Charltons Entertainment Complex / Roxanne Bar,1500,144.9685359,-37.81206119
88,19-25 Little Bourke Street,Melbourne (CBD),Cheers Bar & Grill,350,144.9719903,-37.81074304
89,19-25 Little Bourke Street,Melbourne (CBD),Cheers On Little Bourke Street,350,144.9719903,-37.81074304
90,270 Russell Street,Melbourne (CBD),Chez Regine,90,144.9671591,-37.81011116
91,296-298 Russell Street,Melbourne (CBD),Chill On Pty Ltd,120,144.9669287,-37.80957196
92,170-176 William Street,Melbourne (CBD),Chris's Daily Grind,50,144.9582309,-37.81492637
93,111-129 Queen Street,Melbourne (CBD),CitiClub On Queen Hotel ,1505,144.9606367,-37.81581152
94,642-644 Elizabeth Street,Carlton,City Mic Bar Karaoke,70,144.9586143,-37.80328692
95,415-421 Rathdowne Street,Carlton,Clare Castle Hotel,50,144.9704262,-37.79652005
96,26-32 King Street,Melbourne (CBD),Clique Bar,222,144.957466,-37.81952934
97,207-361 Flinders Street,Melbourne (CBD),Clocks At Flinders Street Station,300,144.9654659,-37.81866105
98,8 Whiteman Street,Southbank,Club 23,450,144.9586604,-37.82312164
99,59-63 Bourke Street,Melbourne (CBD),Club Asuka,150,144.9715659,-37.81212537
100,318-322 Little Collins Street,Melbourne (CBD),Club F4,380,144.9640121,-37.81488174
101,8 Whiteman Street,Southbank,Club Odeon ,560,144.9586604,-37.82312164
102,377-391 Cardigan Street,Carlton,Clyde Hotel,239,144.9657541,-37.79725532
103,8 Whiteman Street,Southbank,CO,560,144.9586604,-37.82312164
104,191-205 Swanston Street,Melbourne (CBD),Cocoon Bar,200,144.9649993,-37.81309229
105,166 Albert Street,East Melbourne,Cohen Cellars Wine Bar,40,144.9856254,-37.81004657
106,86-88 Collins Street,Melbourne (CBD),Collins Quarter ,373,144.9705847,-37.81393777
107,497-503 St Kilda Road,Melbourne (Remainder),Commodity Cafe,150,144.9790762,-37.84331737
108,31-39 Elizabeth Street,Melbourne (CBD),Connells Tavern,350,144.9643316,-37.81741878
109,248-258 Swanston Street,Melbourne (CBD),Cookie,300,144.9652504,-37.81199559
110,242-284 Exhibition Street,Melbourne (CBD),Coopers Inn,400,144.9699756,-37.80941489
111,86-90 Errol Street,North Melbourne,Court House Hotel,140,144.9499557,-37.80287733
112,111-129 Queen Street,Melbourne (CBD),CQ Bar,645,144.9606367,-37.81581152
113,8 Whiteman Street,Southbank,Crown Casino,320,144.9586604,-37.82312164
114,8 Whiteman Street,Southbank,Crown Entertainment Complex and Casino,320,144.9586604,-37.82312164
115,1-5 Spencer Street,Docklands,Crown Plaza,60,144.9549939,-37.8226581
116,40-56 Queens Bridge Street,Southbank,Crown Promenade Hotel,150,144.9597768,-37.8238538
117,100 St Kilda Road,Southbank,Curve Bar,300,144.9682264,-37.82094188
118,223-227 Canning Street,Carlton,Dan O'Connell Hotel,600,144.9733817,-37.79303229
119,428-432 Little Bourke Street,Melbourne (CBD),DANSK Restaurant,100,144.9597229,-37.81392392
120,277-279 Flinders Lane,Melbourne (CBD),De Biers,400,144.9652979,-37.81724201
121,93-95 Queen Street,Melbourne (CBD),Decca Bar,167,144.9609695,-37.81637876
122,118-122 Bourke Street,Melbourne (CBD),December Entertainment,72,144.969548,-37.81207418
123,187 Flinders Lane,Melbourne (CBD),Deck 10,116,144.9683751,-37.81635789
124,156-292 Grattan Street,Parkville,Deep Dish Bar & Cafe,400,144.9612468,-37.79739836
125,433 Little Collins Street,Melbourne (CBD),Dikstein's Corner Bar,145,144.9603413,-37.81631094
126,18-24 Market Lane,Melbourne (CBD),Ding Dong Lounge,396,144.9694031,-37.81175137
127,18-24 Market Lane,Melbourne (CBD),Ding Dong Lounge (Currently vacant due to fire damage),396,144.9694031,-37.81175137
128,21 Liverpool Street,Melbourne (CBD),Double Happiness Bar,164,144.9712639,-37.81118056
129,21 Liverpool Street,Melbourne (CBD),Double Happiness Bar / New Gold Mountain,164,144.9712639,-37.81118056
130,86-88 Collins Street,Melbourne (CBD),Dr Martin's Tavern,261,144.9705847,-37.81393777
131,1-5 Elizabeth Street,Melbourne (CBD),Dreams Gentleman's Club,160,144.964608,-37.81805666
132,1-5 Elizabeth Street,Melbourne (CBD),Dreams Gentlemen's Club,160,144.964608,-37.81805666
133,293-299 La Trobe Street,Melbourne (CBD),Duke of Kent Hotel,200,144.9605086,-37.81081439
134,122-148 Harbour Esplanade,Docklands,E J Whitten Bar ,70,144.9475776,-37.81656591
135,55-57 Elizabeth Street,Melbourne (CBD),E-Fiftyfive,88,144.9641302,-37.81697242
136,84-94 Flinders Street,Melbourne (CBD),Eau-De-Vie ,150,144.9716757,-37.81587662
137,163-169 Russell Street,Melbourne (CBD),Eden Bar,350,144.9676479,-37.81246709
138,120-138 King Street,Melbourne (CBD),El Coco,995,144.9564078,-37.81703156
139,46-50 Leveson Street,North Melbourne,Eldorado Hotel,400,144.9514591,-37.80370014
140,85-91 Queen Street,Melbourne (CBD),Element Lounge,230,144.9610213,-37.81649711
141,11-37 Exhibition Street,Melbourne (CBD),Eleven 37,123,144.9717262,-37.81546152
142,267-271 Spring Street,Melbourne (CBD),Elm's Family Hotel,200,144.9714481,-37.8086111
143,2-20 Drewery Place,Melbourne (CBD),Embassy Bar,303,144.9639703,-37.81130304
144,2-20 Drewery Place,Melbourne (CBD),Embassy Bar & Double Bar,303,144.9639703,-37.81130304
145,213-217 Russell Street,Melbourne (CBD),Enka Karaoke Bar,80,144.9672365,-37.81156167
146,49 Rathdowne Street,Carlton,Epocha Restaurant,124,144.9685944,-37.80578725
147,183-265 La Trobe Street,Melbourne (CBD),Equinox Bar Restaurant,80,144.9630189,-37.81073331
148,213-217 Russell Street,Melbourne (CBD),Escape City,100,144.9672365,-37.81156167
149,3-7 Riverside Quay,Southbank,Eureka 89,150,144.9645668,-37.82166549
150,3-7 Riverside Quay,Southbank,Eureka 89 Pty Ltd,150,144.9645668,-37.82166549
151,161 Spring Street,Melbourne (CBD),European,703,144.9724291,-37.8109513
152,114-122 Exhibition Street,Melbourne (CBD),European Bier Cafe,550,144.9711999,-37.81285806
153,16-20 Corrs Lane,Melbourne (CBD),Eurotrash Cafeteria & Bar,569,144.9683854,-37.81112914
154,334-342 City Road,Southbank,Eve Bar Launge ,600,144.9573539,-37.82783816
155,334-342 City Road,Southbank,Eve Bar Lounge,600,144.9573539,-37.82783816
156,199-203 Russell Street,Melbourne (CBD),Exford Hotel,300,144.9673406,-37.81179179
157,10-22 Spencer Street,Melbourne (CBD),Explorers Inn,50,144.9552421,-37.82050677
158,12-14 Corrs Lane,Melbourne (CBD),Fad Gallery,80,144.9684328,-37.81123016
159,121-123 Flinders Lane,Melbourne (CBD),Fashion Lounge,350,144.9705132,-37.81567009
160,221 Little Lonsdale Street,Melbourne (CBD),Father's Office,400,144.9657034,-37.810658
161,239 Lonsdale Street,Melbourne (CBD),Ferdydurke,100,144.965378,-37.81159495
162,318-322 Little Collins Street,Melbourne (CBD),FFour,380,144.9640121,-37.81488174
163,8 Whiteman Street,Southbank,Fidel's Bar & Lounge,100,144.9586604,-37.82312164
164,55-57 Elizabeth Street,Melbourne (CBD),Fiftyfive,88,144.9641302,-37.81697242
165,118-122 Bourke Street,Melbourne (CBD),Fireflies Club,72,144.969548,-37.81207418
166,25-27 Rankins Road,Kensington,Flemington & Kensington RSL Club,90,144.9321953,-37.78932218
167,442-450 Elizabeth Street,Melbourne (CBD),Fluid Oz Bar,365,144.9608588,-37.8083077
168,442-450 Elizabeth Street,Melbourne (CBD),Fluid Oz Bar ,365,144.9608588,-37.8083077
169,146-150 Bourke Street,Melbourne (CBD),FM Karaoke Bar,100,144.9687387,-37.81235798
170,150-162 Flinders Street,Melbourne (CBD),Forum Theatre Bar,1500,144.9693866,-37.81648541
171,26-32 King Street,Melbourne (CBD),Fourth Watch,222,144.957466,-37.81952934
172,8 Whiteman Street,Southbank,Fusion ,600,144.9586604,-37.82312164
173,100 Little Lonsdale Street,Melbourne (CBD),Gami Chicken and Beer,73,144.9687195,-37.80913623
174,188-194 Little Collins Street,Melbourne (CBD),Gin Palace,150,144.9675807,-37.81390779
175,125-127 Flinders Lane,Melbourne (CBD),Gogo ,300,144.9703998,-37.81568875
176,277-287 King Street,Melbourne (CBD),Golden Age Hotel,200,144.9541999,-37.81367535
177,244-250 Queen Street,Melbourne (CBD),Golden Buddha Lounge,200,144.959964,-37.81269018
178,264-266 Swanston Street,Melbourne (CBD),Goldilocks,300,144.9651474,-37.81181063
179,204-208 King Street,Melbourne (CBD),Great Western Hotel,390,144.9554836,-37.81521196
180,353 Little Collins Street,Melbourne (CBD),Grosvenor Tavern,230,144.9631329,-37.81594942
181,213-217 Russell Street,Melbourne (CBD),Guandi Lounge & Bar,100,144.9672365,-37.81156167
182,196-212 Little Collins Street,Melbourne (CBD),Hairy Canary,50,144.9671568,-37.81384227
183,23-37 Star Crescent,Docklands,Harbour Town Hotel,498,144.9378299,-37.81315031
184,103-137 Spring Street,Melbourne (CBD),Hard Rock Cafe,500,144.9729245,-37.81199351
185,252-254 Flinders Lane,Melbourne (CBD),Hell's Kitchen,55,144.9655966,-37.8166033
186,125-133 Swanston Street,Melbourne (CBD),Hi Fi Bar & Ballroom,800,144.9658102,-37.81472467
187,313-315 Flinders Lane,Melbourne (CBD),Hidden Bar Restaurant,100,144.9638507,-37.81763918
188,457-471 Bourke Street,Melbourne (CBD),High Fidelity,500,144.9601886,-37.81547268
189,11A Highlander Lane,Melbourne (CBD),Highlander Bar,202,144.9579702,-37.81970334
190,178-226 Wellington Parade,East Melbourne,Hilton,200,144.9834989,-37.81582277
191,178-226 Wellington Parade,East Melbourne,Hilton Hotels of Australia (Melbourne) Pty Ltd,200,144.9834989,-37.81582277
192,156-292 Grattan Street,Parkville,HJC Bar,200,144.9612468,-37.79739836
193,1-5 Spencer Street,Docklands,Holiday Inn Melbourne,130,144.9549939,-37.8226581
194,24-40 Spencer Street,Melbourne (CBD),Holiday Inn On Flinders Melbourne,100,144.9551524,-37.82020482
195,184-186 Bourke Street,Melbourne (CBD),Hollywood Karaoke Bar,150,144.9676888,-37.81267583
196,395-397 Little Lonsdale Street,Melbourne (CBD),Horse Bazaar,158,144.9602499,-37.81190077
197,1-5 Elizabeth Street,Melbourne (CBD),Hosies Tavern,270,144.964608,-37.81805666
198,91-95 Cardigan Street,Carlton,Hotel Lincoln,50,144.9645057,-37.80448528
199,186-190 Lygon Street,Carlton,Hotel Milan,540,144.9669216,-37.80263986
200,277-287 King Street,Melbourne (CBD),Hotel Sophia,116,144.9541999,-37.81367535
201,475-477 Spencer Street,West Melbourne (Residential),Hotel Spencer Bar & Dining Room,150,144.9492503,-37.80956913
202,183-265 La Trobe Street,Melbourne (CBD),Hoyts,300,144.9630189,-37.81073331
203,183-265 La Trobe Street,Melbourne (CBD),Hoyts Cinemas,300,144.9630189,-37.81073331
204,183-265 La Trobe Street,Melbourne (CBD),Hoyts Cinemas Limited,300,144.9630189,-37.81073331
205,183-265 La Trobe Street,Melbourne (CBD),Hush Bar @ Melbourne Central,200,144.9630189,-37.81073331
206,312-318 Russell Street,Melbourne (CBD),Hyde,269,144.9668166,-37.80932575
207,296-298 Russell Street,Melbourne (CBD),Ice Lounge & Ski Lounge,152,144.9669287,-37.80957196
208,221 Little Lonsdale Street,Melbourne (CBD),Idarts Hive,100,144.9657034,-37.810658
209,99-127 Pearl River Road,Docklands,Igloo Cafe & St Moritz Bar,100,144.9356321,-37.81223232
210,2-8 Bourke Street,Melbourne (CBD),Imperial Hotel,300,144.972676,-37.8112003
211,502-504 Flinders Street,Melbourne (CBD),Insignia on Flinders,100,144.9576571,-37.82005619
212,156-292 Grattan Street,Parkville,INU Bar & Restuarant,200,144.9612468,-37.79739836
213,156-292 Grattan Street,Parkville,INU Bar & Restuarant/Chefs Table,200,144.9612468,-37.79739836
214,8 Whiteman Street,Southbank,Jackpot Bar,80,144.9586604,-37.82312164
215,244-246 Russell Street,Melbourne (CBD),Jagulla,200,144.9673261,-37.81047422
216,300 Russell Street,Melbourne (CBD),Jankara Japanese Bar,80,144.966904,-37.80951668
217,297-307 Victoria Street,West Melbourne (Residential),Jawa Bar,40,144.9513664,-37.80562951
218,8 Whiteman Street,Southbank,Jimbo & Rex ,300,144.9586604,-37.82312164
219,7 Errol Street,North Melbourne,Joe Taylor,60,144.9490127,-37.80479755
220,27-31 Lygon Street,Carlton,John Curtin Hotel,350,144.9656988,-37.80619915
221,338-352 Bourke Street,Melbourne (CBD),Juliet's Champagne Bar,60,144.9632879,-37.81360425
222,221 Little Lonsdale Street,Melbourne (CBD),JWow Bar,100,144.9657034,-37.810658
223,209-215 Bourke Street,Melbourne (CBD),K29 Karaoke Lounge Bar,150,144.9672994,-37.81328093
224,204-206 Arden Street,North Melbourne,Kanga Kasino,90,144.9413118,-37.79905531
225,52 La Trobe Street,Melbourne (CBD),Karaoke Box,300,144.9672465,-37.80828608
226,52 La Trobe Street,Melbourne (CBD),Karoke Box,100,144.9672465,-37.80828608
227,111-129 Queen Street,Melbourne (CBD),Karstens At CQ ,170,144.9606367,-37.81581152
228,8 Whiteman Street,Southbank,Kingpin Bowling,347,144.9586604,-37.82312164
229,27-45 Whiteman Street,Southbank,Kingpin Bowling Crown,347,144.9583432,-37.82559096
230,183-265 La Trobe Street,Melbourne (CBD),Kingpin Melbourne Central,760,144.9630189,-37.81073331
231,183-265 La Trobe Street,Melbourne (CBD),Kingpin Melbourne Central Pty Ltd,760,144.9630189,-37.81073331
232,312-318 Russell Street,Melbourne (CBD),Kivotos Cafe Bar,250,144.9668166,-37.80932575
233,3 Southgate Avenue,Southbank,Kouzina Restaurant ,200,144.9662623,-37.82066923
234,338-352 Bourke Street,Melbourne (CBD),L2 Cafe Bar,362,144.9632879,-37.81360425
235,69-73 Collins Street,Melbourne (CBD),La Chinesca,210,144.9713489,-37.8143446
236,188-202 King Street,Melbourne (CBD),La Di Da,450,144.9556244,-37.81551353
237,391-393 Little Lonsdale Street,Melbourne (CBD),La La Land,175,144.9603411,-37.81187439
238,391-393 Little Lonsdale Street,Melbourne (CBD),La La Land. The Melbourne Room,175,144.9603411,-37.81187439
239,8 Whiteman Street,Southbank,Lagerfield Bar & Beer Garden,650,144.9586604,-37.82312164
240,66-88 Lygon Street,Carlton,Lagers On Lygon,80,144.9665747,-37.80530329
241,170-176 William Street,Melbourne (CBD),Lavita Cafe On William ,50,144.9582309,-37.81492637
242,1-9 Southbank Boulevard,Southbank,Left Bank Melbourne,400,144.9628914,-37.8210403
243,122-148 Harbour Esplanade,Docklands,Legends Bar,250,144.9475776,-37.81656591
244,137-141 Bourke Street,Melbourne (CBD),Levels Nightclub ,400,144.9691653,-37.81279907
245,161-163 Errol Street,North Melbourne,Limerick Castle Hotel & Restaurant,50,144.9496139,-37.80114341
246,91-95 Cardigan Street,Carlton,Lincoln Hotel,50,144.9645057,-37.80448528
247,422-428 Little Collins Street,Melbourne (CBD),Little Red Pocket,200,144.960326,-37.8159076
248,3 Southgate Avenue,Southbank,Llama Bar,50,144.9662623,-37.82066923
249,94-148 Harbour Esplanade,Docklands,Locker Room Club Bar,500,144.9475776,-37.81656591
250,85-161 Spencer Street,Docklands,Loco Bar,400,144.9523393,-37.81815358
251,65-67 Peel Street,West Melbourne (Residential),Loki Bar,140,144.955498,-37.80666721
252,162-168 Collins Street,Melbourne (CBD),Long Room,620,144.9678476,-37.81450301
253,19-23 Meyers Place,Melbourne (CBD),Loop 23 ,150,144.9721078,-37.8121518
254,19-23 Meyers Place,Melbourne (CBD),Loop Project Space & Bar,152,144.9721078,-37.8121518
255,524 Macaulay Road,Kensington,Lost and Found,40,144.9286331,-37.79404162
256,95-101 Flinders Lane,Melbourne (CBD),Lot 7 ,840,144.9711039,-37.81553247
257,2 Swanston Street,Melbourne (CBD),Lower House ,355,144.9699175,-37.81784465
258,8 Whiteman Street,Southbank,Lucky Chans,340,144.9586604,-37.82312164
259,318-322 Little Bourke Street,Melbourne (CBD),M.O.O.,55,144.9631276,-37.81292437
260,34-38 Franklin Street,Melbourne (CBD),Mac's Hotel,125,144.9616126,-37.80752292
261,313-315 Flinders Lane,Melbourne (CBD),Mack Daddy Soprano,100,144.9638507,-37.81763918
262,457-471 Bourke Street,Melbourne (CBD),Madisons Restaurant Bar Lounge,280,144.9601886,-37.81547268
263,226-236 Russell Street,Melbourne (CBD),Mai Tai Restaurant,170,144.9676444,-37.81098272
264,672-696 Bourke Street,Melbourne (CBD),Mail Exchange Hotel,600,144.9535902,-37.81663038
265,30-44 Manchester Lane,Melbourne (CBD),Manchester Lane,250,144.9662007,-37.81642646
266,7-9 Waratah Place,Melbourne (CBD),Manchuria,80,144.9669911,-37.81162502
267,435-443 Little Collins Street,Melbourne (CBD),Marrakech Bar,200,144.9600859,-37.81638558
268,90-98 Collins Street,Melbourne (CBD),Massoni Wine Bar ,112,144.9702813,-37.8139675
269,221 Little Lonsdale Street,Melbourne (CBD),Match Bar & Grill,360,144.9657034,-37.810658
270,125-133 Swanston Street,Melbourne (CBD),Max Watt's,800,144.9658102,-37.81472467
271,178-226 Wellington Parade,East Melbourne,MCG Worx,144,144.9834989,-37.81582277
272,573-579 Spencer Street,West Melbourne (Residential),McMahons,160,144.9469867,-37.80740767
273,133-135 Flinders Lane,Melbourne (CBD),Meat Ball,110,144.9701585,-37.81573536
274,3 Southgate Avenue,Southbank,Mecca,200,144.9662623,-37.82066923
275,99-127 Pearl River Road,Docklands,Medibank Icehouse,100,144.9356321,-37.81223232
276,183-265 La Trobe Street,Melbourne (CBD),Melbourne Central Lion Heart,550,144.9630189,-37.81073331
277,183-265 La Trobe Street,Melbourne (CBD),Melbourne Central Lion Hotel,550,144.9630189,-37.81073331
278,442-450 Elizabeth Street,Melbourne (CBD),Melbourne International Backpackers,365,144.9608588,-37.8083077
279,12-16 Bank Place,Melbourne (CBD),Melbourne Savage Club,90,144.9605765,-37.81654467
280,500-514 Collins Street,Melbourne (CBD),Menzies Tavern,200,144.9574732,-37.81753383
281,446-452 Collins Street,Melbourne (CBD),Menzies Tavern Hotel,197,144.959442,-37.81730302
282,143-151 Therry Street,Melbourne (CBD),Mercat Cross Hotel,230,144.9583711,-37.80792152
283,248-258 Swanston Street,Melbourne (CBD),Mesa Verde,175,144.9652504,-37.81199559
284,40-56 Queens Bridge Street,Southbank,Mesh/Tonic Bar,300,144.9597768,-37.8238538
285,263-267 William Street,Melbourne (CBD),Metropolitan Hotel,300,144.9565837,-37.81292397
286,263-267 William Street,Melbourne (CBD),Metropolitan On William Bar & Restaurant,300,144.9565837,-37.81292397
287,34-38 Franklin Street,Melbourne (CBD),Miss Libertine @ Mac's Hotel ,355,144.9616126,-37.80752292
288,5-9 Bank Place,Melbourne (CBD),Mitre Tavern,300,144.9603112,-37.81680457
289,187 Flinders Lane,Melbourne (CBD),Mon Bijou,180,144.9683751,-37.81635789
290,318-322 Little Bourke Street,Melbourne (CBD),Money Order Office,55,144.9631276,-37.81292437
291,213-217 Russell Street,Melbourne (CBD),Monga Sweet Cafe,100,144.9672365,-37.81156167
292,19-25 Little Bourke Street,Melbourne (CBD),Mrs Parma's ,350,144.9719903,-37.81074304
293,419-429 Collins Street,Melbourne (CBD),Ms Collins,850,144.9606531,-37.81752882
294,281-287 Swanston Street,Melbourne (CBD),Mui Karaoke,243,144.9643593,-37.81143223
295,29-65 South Wharf Promenade,Southbank,Munich Brau Haus,1100,144.9503336,-37.82409303
296,314-336 Bourke Street,Melbourne (CBD),Mural Hall,900,144.9638295,-37.81344503
297,15-19 Warburton Lane,Melbourne (CBD),Murmur,50,144.9618462,-37.81381239
298,547-549 Elizabeth Street,North Melbourne,Music Box  - Karaoke Bar,150,144.9584784,-37.80538132
299,547-549 Elizabeth Street,North Melbourne,Musicbox  - Karaoke Bar,150,144.9584784,-37.80538132
300,318-322 Little Bourke Street,Melbourne (CBD),NANT Whisky Bar,32,144.9631276,-37.81292437
301,43-49 Royal Parade,Parkville,Naughtons Hotel,120,144.9575345,-37.79554181
302,546-566 Collins Street,Melbourne (CBD),Nero Bar,80,144.9558446,-37.81824465
303,85-161 Spencer Street,Docklands,Network Public Bar & Pizzeria,325,144.9523393,-37.81815358
304,318-322 Little Collins Street,Melbourne (CBD),New Guernica,380,144.9640121,-37.81488174
305,242-244 Little Bourke Street,Melbourne (CBD),NG Karaoke Bar,334,144.965603,-37.81213633
306,106-112 Hardware Street,Melbourne (CBD),Nieuw Amsterdam,200,144.9606805,-37.81213605
307,8 Whiteman Street,Southbank,No. 8 by John Lawson,40,144.9586604,-37.82312164
308,196-200 A'Beckett Street,Melbourne (CBD),Nomads Industry Backpackers,200,144.9574447,-37.80998494
309,204-206 Arden Street,North Melbourne,North Melbourne Football Club Social Club,210,144.9413118,-37.79905531
310,8 Whiteman Street,Southbank,Number 8,200,144.9586604,-37.82312164
311,54-60 Market Street,Melbourne (CBD),Oaks on Market,45,144.9608283,-37.81778076
312,33-39 Little Lonsdale Street,Melbourne (CBD),Oddfellows Hotel,400,144.9707325,-37.8091842
313,174-184 City Road,Southbank,Olla Messa,100,144.9618918,-37.82382188
314,27-37 Russell Street,Melbourne (CBD),Ondergronds,250,144.9692478,-37.81598754
315,27-37 Russell Street,Melbourne (CBD),Ondergronds Pty Ltd,250,144.9692478,-37.81598754
316,3 Southgate Avenue,Southbank,P J O'Briens Irish Pub,350,144.9662623,-37.82066923
317,3 Southgate Avenue,Southbank,P J O'Briens Irish Pub & Side Bar,550,144.9662623,-37.82066923
318,480-490 Collins Street,Melbourne (CBD),Paloma,80,144.9579514,-37.8176551
319,91-93 Flinders Lane,Melbourne (CBD),Papa Goose,440,144.9712228,-37.81543506
320,4-6 Goldie Place,Melbourne (CBD),Paris Cat Jazz Club,200,144.9608287,-37.81351769
321,183-265 La Trobe Street,Melbourne (CBD),Partyworld,500,144.9630189,-37.81073331
322,183-265 La Trobe Street,Melbourne (CBD),Partyworld Karaoke,500,144.9630189,-37.81073331
323,124 La Trobe Street,Melbourne (CBD),Pearson and Murph'y Cafe,156,144.9645504,-37.80818365
324,318-322 Little Bourke Street,Melbourne (CBD),Penny Blue,85,144.9631276,-37.81292437
325,10-22 Spencer Street,Melbourne (CBD),Pensione Hotel Melbourne,50,144.9552421,-37.82050677
326,414-422 Lygon Street,Carlton,Percys Bar & Bistro,120,144.9678126,-37.79694555
327,192-202 Lygon Street,Carlton,Players On Lygon,200,144.9670522,-37.80245924
328,594-600 Swanston Street,Carlton,Plough and Harrow Hotel,400,144.9639453,-37.80276989
329,29-65 South Wharf Promenade,Southbank,Plus 5,90,144.9503336,-37.82409303
330,590-592 Little Bourke Street,Melbourne (CBD),POD Nite Club ,700,144.9546987,-37.81533836
331,267 Little Collins Street,Melbourne (CBD),Polepole Bar,100,144.9656034,-37.81483458
332, Evan Walker Bridge,Southbank,Ponfish Island,150,144.9650858,-37.81968992
333,68-78 Hardware Lane,Melbourne (CBD),Pop,280,144.9611061,-37.8130703
334,115-127 Russell Street,Melbourne (CBD),Portland Hotel,414,144.9681892,-37.81367486
335,171-175 Elgin Street,Carlton,Pugg Mahones,500,144.9687079,-37.79750574
336,106-112 Hardware Street,Melbourne (CBD),Pugg Mahones Irish Bar,200,144.9606805,-37.81213605
337,172-192 Flinders Street,Melbourne (CBD),Purple Emerald,110,144.9685429,-37.81663851
338,131-141 Russell Street,Melbourne (CBD),QT Melbourne,185,144.967831,-37.81342885
339,54-60 Market Street,Melbourne (CBD),R2 Restaurant & Bar,370,144.9608283,-37.81778076
340,86-88 Collins Street,Melbourne (CBD),Ra,83,144.9705847,-37.81393777
341,483-501 Bourke Street,Melbourne (CBD),RACV City Club,410,144.9595925,-37.81587957
342,118-126 Ireland Street,West Melbourne (Residential),Railway Hotel,241,144.9421177,-37.80605366
343,206-218 Bourke Street,Melbourne (CBD),Rainbow Karaoke,400,144.9668768,-37.81259409
344,313-315 Flinders Lane,Melbourne (CBD),Randy Dragon,100,144.9638507,-37.81763918
345,184 Rathdowne Street,Carlton,Rathdowne Tavern ,140,144.9712295,-37.79476659
346,11 Collins Street,Melbourne (CBD),Recorded Music Salon,110,144.9734622,-37.81377997
347,401-405 Swanston Street,Melbourne (CBD),Red Love,200,144.963217,-37.80904283
348,401-405 Swanston Street,Melbourne (CBD),Red Love Cocktail Bar Musicroom,110,144.963217,-37.80904283
349,252-254 Flinders Lane,Melbourne (CBD),Red Rhythm,30,144.9655966,-37.8166033
350,231-233 Bourke Street,Melbourne (CBD),Red Violin,303,144.9668415,-37.81343614
351,75-79 Flemington Road,North Melbourne,Redback Brewery Hotel,670,144.9533473,-37.79895071
352,91-93 Flinders Lane,Melbourne (CBD),Returned & Services League - Melbourne Sub-branch,90,144.9712228,-37.81543506
353,5-17 Flemington Road,North Melbourne,RMIT Village Melbourne,356,144.9558713,-37.80140031
354,5-17 Flemington Road,North Melbourne,RMIT Village Old Melbourne,356,144.9558713,-37.80140031
355,183-265 La Trobe Street,Melbourne (CBD),Rockstar Bowling,760,144.9630189,-37.81073331
356,497-503 St Kilda Road,Melbourne (Remainder),Rok's Cafe,280,144.9790762,-37.84331737
357,54-62 Bourke Street,Melbourne (CBD),Romeo Lane,25,144.9713808,-37.81156933
358,167-175 Franklin Street,Melbourne (CBD),Roo Bar,200,144.9591538,-37.80895967
359,248-258 Swanston Street,Melbourne (CBD),Rooftop Bar ,200,144.9652504,-37.81199559
360,248-258 Swanston Street,Melbourne (CBD),Rooftop Bar & Cinema,200,144.9652504,-37.81199559
361,248-258 Swanston Street,Melbourne (CBD),Rooftop Cinema & Bar,200,144.9652504,-37.81199559
362,95-101 Flinders Lane,Melbourne (CBD),Rosati Restaurant,840,144.9711039,-37.81553247
363,152-158 Bourke Street,Melbourne (CBD),Roxanne Parlour,450,144.9685359,-37.81206119
364,399-405 Queensberry Street,North Melbourne,Royal Park Hotel/Pub,114,144.9543149,-37.80378609
365,375-385 St Kilda Road,Melbourne (Remainder),Royce Hotel,120,144.9755139,-37.83506751
366,375-385 St Kilda Road,Melbourne (Remainder),Royce On St Kilda Road,120,144.9755139,-37.83506751
367,7 Errol Street,North Melbourne,Rrose Cellar and Bar,60,144.9490127,-37.80479755
368,121-131 Collins Street,Melbourne (CBD),RU-CO,400,144.9698467,-37.81516811
369,319-323 Swanston Street,Melbourne (CBD),Rue Bebelons,100,144.9640475,-37.81076317
370,174-184 City Road,Southbank,Rumour Restaurant Bar & Lounge,100,144.9618918,-37.82382188
371,174-192 Exhibition Street,Melbourne (CBD),Rydges Melbourne Hotel,100,144.9706454,-37.81121462
372,301-303 Swanston Street,Melbourne (CBD),Sahara Restaurant,140,144.9641938,-37.81107765
373,582-584 Little Collins Street,Melbourne (CBD),Saint & Rogue,300,144.9553525,-37.81740928
374,3 Southgate Avenue,Southbank,Saturne,100,144.9662623,-37.82066923
375,113 Lonsdale Street,Melbourne (CBD),Seamstress,160,144.9690111,-37.81056538
376,113 Lonsdale Street,Melbourne (CBD),Seamstress Pty Ltd,160,144.9690111,-37.81056538
377,317-323 Flinders Lane,Melbourne (CBD),Sebel Melbourne - Flinders Lane,60,144.9637238,-37.81771479
378,27-29 Tattersalls Lane,Melbourne (CBD),Section 8 Bar,100,144.9653899,-37.81176167
379,27-29 Tattersalls Lane,Melbourne (CBD),Section 8 Bar Pty Ltd,100,144.9653899,-37.81176167
380,27-29 Tattersalls Lane,Melbourne (CBD),Section 8 Container Bar,100,144.9653899,-37.81176167
381,231-233 Exhibition Street,Melbourne (CBD),Sen Karaoke Bar,120,144.9695206,-37.81051104
382,244-250 Queen Street,Melbourne (CBD),Shamiana,200,144.959964,-37.81269018
383,242-244 Little Bourke Street,Melbourne (CBD),Shanghai Club,209,144.965603,-37.81213633
384,419-429 Collins Street,Melbourne (CBD),Silk Road on Collins,911,144.9606531,-37.81752882
385,22 Drewery Place,Melbourne (CBD),Sister Bellas,80,144.9638158,-37.81135
386,270 Russell Street,Melbourne (CBD),So'bar,90,144.9671591,-37.81011116
387,4 Riverside Quay,Southbank,Soho Restaurant & Bar,200,144.9633758,-37.82092509
388,590-592 Little Bourke Street,Melbourne (CBD),Sorry Grandma,700,144.9546987,-37.81533836
389,443 Little Collins Street,Melbourne (CBD),Sou Sol,200,144.9600859,-37.81638558
390,14-20 King Street,Melbourne (CBD),Spearmint Rhino Gentlemen's Club,660,144.9577148,-37.81977635
391,121-131 Collins Street,Melbourne (CBD),Spice Market,600,144.9698467,-37.81516811
392,39-43 Bourke Street,Melbourne (CBD),Spleen Central,100,144.9720472,-37.81193572
393, Brunton Avenue,East Melbourne,Spotless Services,2545,144.9832828,-37.81992883
394,184-186 Bourke Street,Melbourne (CBD),Stars KTV and Lounge,204,144.9676888,-37.81267583
395,471-485 Collins Street,Melbourne (CBD),State of Grace,200,144.9585484,-37.8184145
396,502-504 Elizabeth Street,Melbourne (CBD),Stork Hotel,180,144.9603498,-37.80719768
397,133 Queens Bridge Street,Southbank,Story,120,144.9605087,-37.8252468
398,69-73 Collins Street,Melbourne (CBD),Strange Wolf ,210,144.9713489,-37.8143446
399,183-265 La Trobe Street,Melbourne (CBD),Strike,760,144.9630189,-37.81073331
400,221 Little Lonsdale Street,Melbourne (CBD),Strike Bowling,370,144.9657034,-37.810658
401,183-265 La Trobe Street,Melbourne (CBD),Strike Melbourne Central,760,144.9630189,-37.81073331
402,8 Whiteman Street,Southbank,Studio 3 ,900,144.9586604,-37.82312164
403,163-169 Russell Street,Melbourne (CBD),Syn Bar,350,144.9676479,-37.81246709
404,315-321 Elizabeth Street,Melbourne (CBD),Tabaret At Melbourne Central,250,144.9614724,-37.81124935
405,187 Flinders Lane,Melbourne (CBD),The Adelphi Hotel,80,144.9683751,-37.81635789
406,401-405 Little Bourke Street,Melbourne (CBD),The Apartment Restaurant Club Lounge,250,144.9610348,-37.81403196
407,614-616 Elizabeth Street,Carlton,The Arthouse,250,144.9589387,-37.80389369
408,8 Whiteman Street,Southbank,The Atlantic,508,144.9586604,-37.82312164
409,8 Whiteman Street,Southbank,The Atlantic/The Den /The Champagne & Oyster Bar ,508,144.9586604,-37.82312164
410,8 Whiteman Street,Southbank,The Atlantic/The Den /The Oyster Bar & Grill,508,144.9586604,-37.82312164
411,98-110 William Street,Melbourne (CBD),The Australian Club,280,144.9591218,-37.81674542
412,65-73 Haig Street,Southbank,The Backlot Studios ,80,144.95658,-37.82791506
413,422-428 Little Collins Street,Melbourne (CBD),The Balcony ,200,144.960326,-37.8159076
414,66-70 Spencer Street,Melbourne (CBD),The Batman's Hill Hotel,1500,144.9546555,-37.81934371
415,415-421 Rathdowne Street,Carlton,The Beaufort,50,144.9704262,-37.79652005
416,2 Swanston Street,Melbourne (CBD),The big Group,350,144.9699175,-37.81784465
417,7-11 Queen Street,Melbourne (CBD),The Bliss Lounge,210,144.9619461,-37.81861863
418,430-442 Collins Street,Melbourne (CBD),The Brasilian Bean,80,144.9597623,-37.81703239
419,256 Collins Street,Melbourne (CBD),The Butterfly Club,190,144.9652914,-37.81552514
420,193-199 Bourke Street,Melbourne (CBD),The Carlton Hotel,200,144.9676452,-37.81320485
421,56-58 Courtney Street,North Melbourne,The Castle Hotel,317,144.953035,-37.8008985
422,280-292 Collins Street,Melbourne (CBD),The Charles Dickens Tavern,450,144.9645574,-37.81567229
423,5-17 Flemington Road,North Melbourne,The Chifley On Flemington,230,144.9558713,-37.80140031
424,86-90 Errol Street,North Melbourne,The Courthouse Hotel,50,144.9499557,-37.80287733
425,351-359 Queensberry Street,North Melbourne,The Crimean,240,144.9559672,-37.80395618
426,21-25 Croft Alley,Melbourne (CBD),The Croft Institute,250,144.9690881,-37.81206249
427,27-31 Lygon Street,Carlton,The Curtin,350,144.9656988,-37.80619915
428,65-67 Peel Street,West Melbourne (Residential),The Drunken Poet ,50,144.955498,-37.80666721
429,65-67 Peel Street,West Melbourne (Residential),The Drunken Poet Pty Ltd,50,144.955498,-37.80666721
430,94-96 Bourke Street,Melbourne (CBD),The Elephant and Wheelbarrow,450,144.9702485,-37.81191058
431,233-237 Lonsdale Street,Melbourne (CBD),The Emerald Peacock,300,144.9655481,-37.81158031
432,161 Spring Street,Melbourne (CBD),The European,703,144.9724291,-37.8109513
433,120-138 King Street,Melbourne (CBD),The Exchange Hotel,1240,144.9564078,-37.81703156
434,11-37 Exhibition Street,Melbourne (CBD),The Fair Trader ,118,144.9717262,-37.81546152
435,11-37 Exhibition Street,Melbourne (CBD),The Fair Trader Cafe,118,144.9717262,-37.81546152
436,33-39 Little Lonsdale Street,Melbourne (CBD),The Fringe,400,144.9707325,-37.8091842
437,31-39 Elizabeth Street,Melbourne (CBD),The Green Room,225,144.9643316,-37.81741878
438,816 Lorimer Street,Port Melbourne,The Heist Cafe Bar ,60,144.9309535,-37.82210926
439,125-133 Swanston Street,Melbourne (CBD),The Hi -Fi Melbourne,800,144.9658102,-37.81472467
440,125-133 Swanston Street,Melbourne (CBD),The Hi-Fi Melbourne,800,144.9658102,-37.81472467
441,425-427 Little Collins Street,Melbourne (CBD),The Irish Times,170,144.9605354,-37.8162542
442,31-39 Elizabeth Street,Melbourne (CBD),The Joint,329,144.9643316,-37.81741878
443,31-39 Elizabeth Street,Melbourne (CBD),The Joint Bar,329,144.9643316,-37.81741878
444,351-359 Queensberry Street,North Melbourne,The Keeper's Arm,240,144.9559672,-37.80395618
445,117-121 Lonsdale Street,Melbourne (CBD),The Key Club,440,144.9689024,-37.8107614
446,435-443 Little Collins Street,Melbourne (CBD),The Kitchen Restaurant,200,144.9600859,-37.81638558
447,614-616 Elizabeth Street,Carlton,The Last Jar,250,144.9589387,-37.80389369
448,46-50 Leveson Street,North Melbourne,The Leveson,400,144.9514591,-37.80370014
449,277-279 Flinders Lane,Melbourne (CBD),The Liberty Social,400,144.9652979,-37.81724201
450,162-168 Collins Street,Melbourne (CBD),The Long Room,620,144.9678476,-37.81450301
451,243-249 Swanston Street,Melbourne (CBD),The Lounge,212,144.9647365,-37.81230108
452,122-148 Harbour Esplanade,Docklands,The Medallion Club,5000,144.9475776,-37.81656591
453,315-321 Elizabeth Street,Melbourne (CBD),The Meeting Place,250,144.9614724,-37.81124935
454,391-393 Little Lonsdale Street,Melbourne (CBD),The Melbourne Room,175,144.9603411,-37.81187439
455,27 Windsor Place,Melbourne (CBD),The Melbourne RSL,240,144.9724924,-37.81194657
456,597-603 Lonsdale Street,Melbourne (CBD),The Men's Gallery,675,144.9544951,-37.81491898
457,143-151 Therry Street,Melbourne (CBD),The Mercant Cross Hotel,1081,144.9583711,-37.80792152
458,143-151 Therry Street,Melbourne (CBD),The Mercant Cross Hotel / Fancy Hanks Bar-B-Que,1081,144.9583711,-37.80792152
459,67-73 Hardware Lane,Melbourne (CBD),The Mill,119,144.960908,-37.81323451
460,277-279 Flinders Lane,Melbourne (CBD),The Mill House Bar,400,144.9652979,-37.81724201
461,430-442 Collins Street,Melbourne (CBD),The Mug House,80,144.9597623,-37.81703239
462,24-42 Newquay Promenade,Docklands,The Newquay Hotel,321,144.942139,-37.81434525
463,277-279 Flinders Lane,Melbourne (CBD),The Night Cat City ,400,144.9652979,-37.81724201
464,747-757 Bourke Street,Docklands,The Nixon Hotel,300,144.9479753,-37.81925128
465,747-757 Bourke Street,Docklands,The Nixon Hotel Pty Ltd ,300,144.9479753,-37.81925128
466,175-191 Dryburgh Street,North Melbourne,The Oasis Oz Hotel ,390,144.9433563,-37.80205261
467,401-405 Swanston Street,Melbourne (CBD),The Order of Melbourne,420,144.963217,-37.80904283
468,333-351 Exhibition Street,Melbourne (CBD),The Owl & The Pussycat ,100,144.9680267,-37.8078604
469,427-433 Swanston Street,Melbourne (CBD),The Oxford Scholar Hotel,486,144.962901,-37.80846658
470,4-6 Goldie Place,Melbourne (CBD),The Paris Cat ,120,144.9608287,-37.81351769
471,46-74 Flinders Street,Melbourne (CBD),The Press Club Restuarant & Bar Pty Ltd,90,144.9727209,-37.81546181
472,8 Whiteman Street,Southbank,The Pub At Crown,300,144.9586604,-37.82312164
473,232-238 Victoria Street,North Melbourne,The Public Bar,180,144.9585875,-37.80593327
474,232-238 Victoria Street,North Melbourne,The Public Bar Hotel,180,144.9585875,-37.80593327
475,265-271 Racecourse Road,Kensington,The Quiet Man Irish Pub,400,144.9323559,-37.78860982
476,134-160 Spencer Street,Melbourne (CBD),The Savoy Tavern,594,144.953752,-37.81738969
477,231-233 Exhibition Street,Melbourne (CBD),The Sen Bar,120,144.9695206,-37.81051104
478,415-417 Collins Street,Melbourne (CBD),The Sherlock Holmes Inn,70,144.9608681,-37.81746814
479,191-205 Swanston Street,Melbourne (CBD),The Swanston Hotel Grand Mercure - Tabaret,200,144.9649993,-37.81309229
480,248-258 Swanston Street,Melbourne (CBD),The Toff In Town,345,144.9652504,-37.81199559
481,69-73 Collins Street,Melbourne (CBD),The Trader Bar,200,144.9713489,-37.8143446
482,21-31 Market Street,Melbourne (CBD),The Trust,350,144.9604206,-37.81864585
483,21-31 Market Street,Melbourne (CBD),The Trust Bar,350,144.9604206,-37.81864585
484,131-141 Queen Street,Melbourne (CBD),The Turf Bar & Restaurant,527,144.9605409,-37.81549904
485,8 Whiteman Street,Southbank,The Waiting Room,120,144.9586604,-37.82312164
486,425-427 Docklands Drive,Docklands,The Waterfront Room,500,144.9390269,-37.81517782
487,2 Swanston Street,Melbourne (CBD),The Wine Bar,355,144.9699175,-37.81784465
488,8 Whiteman Street,Southbank,Therapy,600,144.9586604,-37.82312164
489,221 Little Lonsdale Street,Melbourne (CBD),Three Degrees,775,144.9657034,-37.810658
490,272 Russell Street,Melbourne (CBD),Tilt,130,144.9671371,-37.81007187
491,33 Errol Street,North Melbourne,Townhall Hotel North Melbourne,220,144.9489068,-37.80414139
492,14-20 King Street,Melbourne (CBD),Tramp Bar,200,144.9577148,-37.81977635
493,2 Swanston Street,Melbourne (CBD),Transit Cocktail Lounge,200,144.9699175,-37.81784465
494,2 Swanston Street,Melbourne (CBD),Transit Rooftop Bar,200,144.9699175,-37.81784465
495,2 Swanston Street,Melbourne (CBD),Transport,900,144.9699175,-37.81784465
496,2 Swanston Street,Melbourne (CBD),Transport Hotel,600,144.9699175,-37.81784465
497,377-381 Lonsdale Street,Melbourne (CBD),Trapt Bar & Escape Rooms,331,144.9614648,-37.81291055
498,394 Collins Street,Melbourne (CBD),Treasury Restaurant,250,144.9610454,-37.81666775
499,106 Little Lonsdale Street,Melbourne (CBD),Troika Bar,60,144.96859,-37.8091536
500,106 Little Lonsdale Street,Melbourne (CBD),Troika Bar ,60,144.96859,-37.8091536
501,1-3 Flemington Road,North Melbourne,Tufclub ,629,144.9563792,-37.80130394
502,1-3 Flemington Road,North Melbourne,Tufclub Hotel,350,144.9563792,-37.80130394
503,590-592 Little Bourke Street,Melbourne (CBD),Tunnel Nightclub,700,144.9546987,-37.81533836
504,1-3 Flemington Road,North Melbourne,Turf Club Hotel ,629,144.9563792,-37.80130394
505,79-85 Bourke Street,Melbourne (CBD),Tuscan Bar Melbourne,300,144.9710404,-37.81217956
506,156-292 Grattan Street,Parkville,U Bar,200,144.9612468,-37.79739836
507,566-580 Flinders Street,Melbourne (CBD),UBar,98,144.9553465,-37.82072034
508,816 Lorimer Street,Port Melbourne,Underbridge Sports Bar & Cafe,60,144.9309535,-37.82210926
509,13 Heffernan Lane,Melbourne (CBD),Union Electric,72,144.9665913,-37.81180178
510,146W-150W Toorak Road,South Yarra,United Kingdom Settlers Association,100,144.9843706,-37.83764623
511,270-276 Lygon Street,Carlton,University Hotel,111,144.9672432,-37.8005263
512,156-292 Grattan Street,Parkville,University House,611,144.9612468,-37.79739836
513,230 Grattan Street,Parkville,University House Club,611,144.9612468,-37.79739836
514,156-292 Grattan Street,Parkville,University House Club ,611,144.9612468,-37.79739836
515,24-42 Newquay Promenade,Docklands,Vacant,321,144.942139,-37.81434525
516,121-123 Flinders Lane,Melbourne (CBD),Velour,350,144.9705132,-37.81567009
517,8 Whiteman Street,Southbank,Velvet Bar,100,144.9586604,-37.82312164
518,167-175 Franklin Street,Melbourne (CBD),Velvet Underground,200,144.9591538,-37.80895967
519,419-443 Royal Parade,Parkville,Vibe Hotel,69,144.958804,-37.78289944
520,122-132 Spencer Street,Melbourne (CBD),Vibe Savoy Hotel Melbourne,40,144.9539293,-37.81777221
521,312-316 Victoria Street,North Melbourne,Victoria Hotel,130,144.9557051,-37.80563237
522,557 St Kilda Road,Melbourne (Remainder),"Village Melbourne - Garden, Arbor, Bistro & Terrace",790,144.9814116,-37.84752524
523,2 Boundary Road,North Melbourne,Vodka Locka & Red Leaf Restaurant,40,144.9392333,-37.79531826
524,160-162 Lygon Street,Carlton,Vodka Temple,200,144.9667699,-37.80344164
525,206-218 Bourke Street,Melbourne (CBD),VS Sports Bar,80,144.9668768,-37.81259409
526,8 Whiteman Street,Southbank,Waterfront ,349,144.9586604,-37.82312164
527,425-427 Docklands Drive,Docklands,Waterfront Venues,1059,144.9390269,-37.81517782
528,788-812 Bourke Street,Docklands,Watermark Bar,300,144.9451224,-37.81888389
529,508-514 Flinders Street,Melbourne (CBD),Waterside Hotel,324,144.9571505,-37.820166
530,124-128 Bourke Street,Melbourne (CBD),Welcome Stranger,350,144.9692645,-37.81207094
531,20-30 Convention Centre Place,Southbank,West Village NYC,150,144.9523782,-37.82539976
532,27-37 Russell Street,Melbourne (CBD),Whiskey Den ,40,144.9692478,-37.81598754
533,270 Russell Street,Melbourne (CBD),Whisky and Alement,90,144.9671591,-37.81011116
534,331-335 Lygon Street,Carlton,Wolfs Lair,80,144.9671779,-37.7975082
535,206-218 Bourke Street,Melbourne (CBD),Wonderland Karaoke,400,144.9668768,-37.81259409
536,14-20 Goldie Place,Melbourne (CBD),Word,200,144.960731,-37.81328585
537,14-20 Goldie Place,Melbourne (CBD),Word Events,200,144.960731,-37.81328585
538,413-417 Elizabeth Street,Melbourne (CBD),Workshop,230,144.9605226,-37.80918797
539,206-218 Bourke Street,Melbourne (CBD),Xiang Club,150,144.9668768,-37.81259409
540,1-7 Swanston Street,Melbourne (CBD),Young & Jackson,470,144.967023,-37.817356
541,1-7 Swanston Street,Melbourne (CBD),Young & Jacksons,470,144.967023,-37.817356
542,2 Swanston Street,Melbourne (CBD),Zinc at Federation Square,1000,144.9699175,-37.81784465